Members,text,Label
m0,Release for Nextcloud 17? #100,sd
m1,"Hello,",fp
m1,can you publish a new release to the App Store for Nextcloud 17?,qy
m2,That's a good idea,ba
m3,Looking forward to that,aa
m4,Is someone working on this issue or is it in any release pipeline?,qy
m2,I’ll do it this week,sd
m2,Ran into some issues.,sd
m2, Will update again once it's up,sd
m5,Any forecats on this?,qy
m5,Don't want to make pressure just need to know for our planning of using it soon.,qy^d
m6,Any chance we get a release within few days ?,qy
m6,Thanks in advance.,ba
m3,What's the status here?,qw
m3,"What's taking months, can we be of any assistance?",qw
m4,I'm also eager to use it with Nextcloud 17.,sd
m4,And still dreaming of having an Upload Functionality within the Forms App (see #42).,sd
m4,Please let me know if I can support in any way.,oo_co_cc
m4,Any chance to release it before end of January?,qy
m7,the version was bumped on ee65a88#diff-224bb875c5d3cfcd7621135069013242R35,sd
m8,There’s releases out on the app store for Nextcloud 17 as well as for upcoming 18. ,sd
m8,"If you like the Forms app, consider leaving a review on the store page 🎈 https://apps.nextcloud.com/apps/forms",qo
