members,text,Label
m0,Add tcp mapping to the overview.html page,sd
m1,So far this looks pretty reasonable!,aa
m1,"were you going to drop the GROUP prefix first, or... ?",qw
m2,"Yes, sorry, I didn't send a change for this yet.",fa
m2,I'll do it on monday.,sd
m3,Add tcp mapping to the overview.html page,ad
m3,force-pushed the jfrabaute:tcp branch from 92093da to 066e48b 3 days ago,sd
m2,"Yes, done now.",ny
m3,Add tcp mapping to the overview.html page #2380,sd
m1,"So far this looks pretty reasonable! Were you going to drop the GROUP prefix first, or... ?",qo
m2,"Yes, sorry, I didn't send a change for this yet. I'll do it on monday.",fa
m2,"Yes, done now.",ny
