members,text,Label
m0,[WIP] Move getambassador.io/config annotation unfolding to happen in watt #2271,sd
m1,The CI that runs on this PR should adequately test the change.,sd
m1,"annotationResource.QName() likely won't work here, because it hasn't yet done the un-folding of the collapsed metadata.",sv
m1,This check should be moved down to below that un-folding.,sd
m2,"Luke, I'm sorry to hear about your clown issues, and am happy to help put them to rest.",aa
m2,I'm gonna guess the tests are failing because the height limit you've somehow come up with for the Ambassador CRs isn't sufficient -- maybe raise that and try again?,qo
m1,What do you mean by that?,qo
m1,What height limit?,qo
m1,"Edit: Oh, a joke. :P",no
m3,Merge remote-tracking branch 'origin/master' into lukeshu/watt-annota… ,sd
m3,watt annotation handling: Fix type conversions …,ad
m3, force-pushed the lukeshu/watt-annotations branch from e907e51 to 525f3 4 days ago,sd
m3,Don't forget about Ingress.v1beta1.extensions,sd
m3, annotations: Move the apiVersion handling down …,ad
m2,The KAT tests pass if KAT_RUN_MODE=envoy.,sd
m2, The reason I haven't committed updated gold files is that a bunch of the names and rkeys are messed up.,bf
m2,"A few of the non-KAT pytests fail (test_docker, 1 or 2 others)",sd
m4,Launch envoy through capability wrapper #2050,sd
m2,Don't merge this just yet... Going to do a bit more testing.,ad
m4,The tests don't run locally and I want to see if they work in CI.,sv
m2,"This works fine locally, I'll be darned if I can get tests to pass (on this branch or master) on my Mac or on a new k3s cluster though.",sv
m4,With the latest rebase it's now only my tests that are failing.,sd
m2, I'll try it again locally.,sd
m2,"Hey, now that we've gotten past the 1.0 transition I'd like to get this landed.",sd
m3, Need help from us to get tests sorted out?,qy^d
m2,"Hey, yes, please.",aa
m2,Give me some time to get caught up and rebased so I know what the current problem is.,aa
m2,Thanks!,ba
m4,Launch envoy through capability wrapper #2050,sd
m4,Add X-Forwarded-Client-Certificate (XFCC) support #2053,sd
m5,This issue has been automatically marked as stale because it has not had recent activity.,sd
m5, It will be closed if no further activity occurs.,sd
m5, Thank you for your contributions.,ba
m2,notstale,%
m3,Hey @jwm -- want to take a crack at conflict resolution here?,qw
m2, I can take a look at typing after that... thanks!!,aa
m2,"Also, to specifically flag it: the Python test here is a copy pasta of ServerNameTest and doesn't meaningfully test this change.",sv
m2," I haven't looked at the test subsystem recently -- if you've finished that refactor to make it easier to test (or could give some quick info/pointers to docs on how to go about it), I can poke at that hopefully this week.",oo_co_cc
