members,text,Label
m1,what steps will produce the problem,qw
m1,Give the exact arguments passedto include what you use and attach the input source file that gives theproblem minimal test cases are much appreciated!,ad
m1,Run IWYU against the following file ,ad
m1,iwyu  clear,ad
m1,iwyu  cat  cstdargcpp,ad
m1,What is the expected output?,qw
m1,What do you see instead?,qw
m1,I'd expect this file to compile without warnings or errors,sv
m1,Potentially IWYU might,sv
m1,tell me that cstdarg is not needed,sd
m1,However what I actually get is a compilation error ,sd
m1,iwyu  include what you use  cstdargcpp,sd
m1,Please provide any additional information below,ad
m2,Can you compile cstdargcpp with clang 33?,qy
m2,Looks like you are hitting http  clangllvmorg docs FAQhtml#i get errors about some headers being missing stddef h stdarg h,sv
m2,With current LLVM Clang and IWYU I see the following output,sd
m3,"Volodymyr I think IWYU is confused because your source file is named ""cstdargcpp"";",sv
m3,"it considers ""cstdarg"" its associated header and tries to suggest improvements for it",sv
m3,I think the built in include search is different on MSVC Windows so I can't reproduce here,sv
m1,Since issue 99 had turned out to be resolved by rebuilding against the clang 33 stableI tried this one again,bf
m1,I also renamed the file from cstdargcpp to blahcpp to avoid the issue mentioned above,no
m1,I still find that it errors out,no
m1, However I found that if I explicitly include the include path to the llvm 33 directory containing its stdargh then all is well ,no
m1,blahcpp should add these lines ,ad
m1,blahcpp should remove these lines ,ad
m1,The full include list for blahcpp ,no
m1,Here it is with the additional include path ,no
m1,So this suggests to me that when building IWYU it isn't incorporating 'builtin' LLVM clang header paths somehow,sv
m3,Per the link posted earlier Clang searches for its builtin headers relative to the binary,sd
m3,I think the same rule applies for IWYU,sv
m3,This suggests you should move the include what you use executable to the same directory as clang or copy the builtin includes and libs from  opt local libexec llvm 33 lib clang 33 to just next to include what you use,ad
m3,I still can't repro here neither on Windows nor Ubuntu but I'm not sure what headers it finds and how,h
m3,This is a bit of a problem with Clang I think that its header search algorithm depends on what platform it was built on,sv
m3,Note that if you build IWYU Clang and LLVM together this never becomes a problem because include what you use will end up next to clang in the install tree,sd
m3,I'd love to hear if you can get it to work by copying include and lib from clang 33 and then we can think about a more transparent solution,sv
m4,This applies to LLVM 35 in MacPorts as well,sd
m4,Doing a regular build with clang++ mp 35 shows no problem so it's iwyu related,sd
m5,For what it's worth I was running into the same problem with 34 and when I copied include what you use to the same directory as clang the problem went away,sd
m5,So it appears that the issue is caused by the headers that are shipped with clang not being resolved correctly when include what you use is located in a different directory,bf
m3,I ran this by the Clang development list and it seems we need to distribute the builtin headers with include what you use,sd
m3,Discussion here ,ad
m3,http  clang developers42468n3nabblecom Standalone tools td4039043html,%
m3,And this is actually mentioned in passing here ,no
m3,http  clangllvmorg docs LibToolinghtml#builtin includes,%
m3,I'll try and update our packaging script to include Clang's builtin headers,sd
m6,Do you want to add Clang's builtin headers to the distributed archive or to bake headers into IWYU binary?,qy
m1,Since we have more than one build system I thought I'd add the builtin headers to the archive as a first step but ideally I'd like to bake the headers in,sv
m1,OK so I've experimented a little bit in my local Windows working copy,sd
m1,It seems that building a directory tree like this works reasonably well ,sv
m1,I can copy this anywhere add the include what you use bin root to my path in a clean shell and it works,sd
m1,Does this look at all FHS friendly?,qy
m1,@sylvestre on CC  How does this match what you're doing for Debian?,qo
m1,I wonder if we should add the equivalent of a make install step?,qo
m6,Actually I am not sure how useful is a temporary fix by adding headers to distributed archives,h
m6,At least people in this thread haven't complained about distributed IWYU binary they've built IWYU manually,sd
m6,I was thinking about creating a file containing baked in builtin headers with a Python script,sd
m6,Reasons for that  I am not very good with build systems; there will be less differences between different build systems,sd
m1,They're building out of tree and so run into the same problem    they can only get IWYU to work if they put it in the Clang bin root,sd
m1,But you're right; solving this in packaging won't help users building out of tree,aa
m1,Yeah a Python script sounds good we should be able to run it from both CMake and Make,ny
m1,The example from Olivier Goffart seemed pretty straightforward and should port to Python easily,sv
m1,I can build a draft implementation and we'll see how far it goes,oo co cc
m5,"I'm working on packaging IWYU for Fedora RHEL so it can be easily installed using the standard ""yum install"" process on those platforms",bf
m5,In that case the header files are already in the right place because both clang and IWYU are installed in the system directories,bf
m5,So if an option is added to copy package the headers as part of the install process then can an option to disable that please be added as well?,qy
m7,Kim that looks great,ba
m1, Under Debian I have clang installed here   usr lib llvm 35 lib clang 350 include,sd
m1,I've worked on embedding the headers but I can't get it to work properly,sd
m1,After convincing CMake to run the Python script I now get a compiler error from MSVC that the string literals are larger than 64K,sd
m1,Since some of the builtin headers are in the 3 500K range this seems hard to get around,sv
m1,I'll take a break from this and come back to it but ideas are welcome!,^2
m8,I just symlink the lib folder from my Clang install to a folder named lib where the iwyu binary would expect it and it finds the builtins that way,sd
m8,Is there any fix or work around which does not require root?,qy
m8,I don't have root access to my machine and I would like to use IWYU,sd
m8,I tried copying the folders from  usr lib64 clang 350 * to my iywu folder  but without success,no
m1,The relative path distance between  usr bin clang and  usr lib clang <ver>  needs to be preserved so if you have the IWYU executable at ~ my iwyu folder include what you use the builtins need to be at ~ my iwyu folder  lib clang <ver> ,ad
m1,Also <ver> needs to match the version IWYU was built for double check with `include what you use   version` which Clang version it's built against,sd
m4,I built iwyu 03 with clang 35 on Fedora 21 and this issue seems to be fixed,sd
m1,We haven't done anything actively so chances are you've installed iwyu into  usr bin,sv
m1,or built in tree with Clang or had the builtin headers available in the right place some other way,sv
m4,I'm not sure but I believe that this is a change in llvm clang because with IWYU 02 clang 34 I had to set up the relative paths to get the tests to pass but with 03 35 the tests pass without the relative paths,h
m9,There has been zero progress on this issue for years,sd
m9,Is there a roadmap?,qy
m10,No definitive roadmap in sight,nn
m10,The problem is that the headers belong to Clang and if it's not installed the headers are not available,sd
m10,Furthermore if Clang is installed IWYU needs to either know where or be installed in the same place to be able to find them,sd
m10,So in a sense this is a packaging problem    an IWYU package should depend on the Clang package to ensure the headers are available,bf
m10,It also needs to install to the same bin path,sd
m10,I've experimented with embedding the headers into the binary see above but haven't found anything that's portable,sd
m10,A packager could maybe ship the headers with IWYU as well but then we risk conflicting with Clang's headers and that's probably not kosher solvable on all platforms,sv
m10,When building locally you could build the clang headers target which I think copies them into the right location relative your build root,sv
m9,Are these issues really all the same?,qy
m9,Which component hardcodes the search path?,qw
m9,In my case I'm building locally,no
m9,Thus the path information is available during the build,no
m9,Why can't this not be hardcoded?,qw
m9,I don't know much about clang tooling but even if the default search path can't be modified an extra include would fix the issue just as well,sv
m9,Something like an  isystem option,sv
m10,Good question,ba
m10,I'm not sure if they're all the same,h
m10,"The search path for builtins appears to be called the ""resource dir"" and its default is hard coded by the Clang Frontend library to point to some approximation of dirnameargv[0]  lib clang <version> see https  githubcom llvm mirror clang blob master lib Frontend CompilerInvocationcpp#L1693",sd
m10,But there also seems to be a switch  resource dir to override this default,sv
m10,If we could ship the builtin headers with IWYU and install them to a known location we could make  resource dir point to that location something like $iwyu bin  share clang headers,sv
m10,I still think there may be challenges with platforms like Windows where there's no Filesystem Hierarchy Standard to speak of but this might be a way forward,sv
m10,Does this sound like a way forward?,qy
m9,That sounds doable!,aa
m9,On the other hand I'm wondering whether iwyu should control this at all,h
m9,There are only a few principle ways iwyu is being invoked,sd
m9,Through iwyu tool on a shell or through CMake,sd
m9,Why not try to Do The Right Thing in these specific cases but make it overridable through a resource dir option?,qw
m9,Doing the right thing means guessing the resource directory In particular ,bf
m9,iwyu tool  The compilation database contains compiler binary,sd
m9,From that we can determine the location of the headers,sd
m9,shell  Not sure what the right thing here is,h
m9,We can try to guess the correct path by looking for usual suspect compilers,sv
m9,CMake  Here we'll need some help from CMake which again knows the correct compiler,sd
m9,So it can supply a guess for the  resource dir option,bf
m9,I know nothing about clang on windows however,sd
m10,I think one challenge is that IWYU is tightly tied to a specific Clang version namely the one it was built with,sv
m10,The builtin headers are revision locked with the compiler source code,sd
m10,So the compiler usually used to compile the user source the one provided in compile commandsjson is not necessarily the same version as IWYU's base compiler,sd
m10,Typically it's not even Clang,sd
m9,True I didn't consider this,aa
m9,You can't really swap out intrinsic headers and expect things to go over smoothly,ar
m9,That leaves us only with shipping the headers,sd
m9,This makes packaging and distribution slightly more involved but not impossible,sd
m9,Something like $PREFIX share iwyu include seems to be an appropriate location at least for linuxoid systems,sv
m9,Unfortunately the clang resource dir is not exported by clang's CMake,sd
m9,So again we can only make guesses,sv
m9,We could probably submit a patch to upstream though to export this,ad
m10,posted a patch for the upstream exposure here  https  reviewsllvmorg D49486,sd
m10,Thanks!,ba
m10,To come back to the potential solution I think it comes down to ,sv
m10,As a build step copy the resource dir into the IWYU build tree  $BUILD share iwyu include,ad
m10,Change the current output path for include what you use to $BUILD bin include what you use rationale later,ad
m10,Add a CMake install rule to copy them to the install tree at $PREFIX share iwyu include,ad
m10,Have IWYU set Clang's resource dir to dirnameiwyu binary  share iwyu include which is pretty much what Clang does I think,sv
m10,By building directly to bin  it becomes possible to run IWYU directly from the build dir after build especially if there's some kind of order dependency for copying the headers,sv
m10,Does that sound about right?,qy
m11,"As someone who's struggled off and on to provide usable IWYU packaging in Homebrew for several years it's either ""build the world"" or ""hackily symlink to Xcode's included headers and break during its upgrades"" if we get to a place where I canâ€¦",sv
m11,Depend on clang in Homebrew in a way it produces the header files for IWYU's use,sd
m11,Have IWYU put these in a well known place share is fine,sd
m11,Let IWYU look for them here possibly even override this with a configure or CMake variable so I can tweak it if things aren't entirely compatible?,ad
m11,â€¦ then I will be very happy and packaging this in the future becomes much much easier,aa
m9,My plan was roughly this ,bf
m9,Add a IWYU RESOURCE DIR cmake cache which defaults to CLANG RESOURCE DIR,ad
m9,If they end up being unequal install the entire CLANG RESOURCE DIR into IWYU RESOURCE DIR This allows distinguishing behavior between building installing and packaging!,sv
m9,Export IWYU RESOURCE DIR to the implementation and plug it as a system header include path into the CompilerInstance,ad
m9,I'll cobble this together and paste a link!,oo co cc
m9,Here it is  pfaffe include what you use@f4732dbeb2696266d60b97365630d4c099c47ba1,oo co cc
m9,Currently this doesn't handle the difference between an install tree and a build tree correctly,sd
m9,This I'll have to figure out yet,oo co cc
m9,If IWYU RESOURCE DIR manually set eg to share include what you use that directory doesn't mean anything in the build tree and becomes valid only after install,sd
m9,In this case we'd have to fall back to CLANG RESOURCE DIR,sd
m9,Not sure if cmake supports this nicely,h
m10,Cool!,ba
m10,So IWYU RESOURCE DIR is always relative then?,qy
m10,That way the path gymnastics in iwyucc works out in the installed tree at runtime which is a prerequisite for binary packages eg for Windows,sd
m10,Yeah the build vs install tree was what I had planned to work around by brute force copying the clang headers into the build tree if necessary but that's pretty ugly,ny
m10,Or we could symlink them into the build tree except that doesn't work on Windows but I guess CMake falls back on copy,sv
m9,It doesn't have to be relative,sd
m9,The default is equal to clang's CLANG RESOURCE DIR which is most likely absolute Is this an issue on windows?,qy
m9,Copying works but it really is ugly,sv
m9,Maybe we can instead add both IWYU RESOURCE DIR and CLANG RESOURCE DIR as system include paths but let IWYU take precedence,aap am
m9,That way if IWYU is set to something that points into the void as it'd likely be in a build tree if it's set we'd fall back to CLANG at runtime,sv
m10,I can imagine it would be if there's a hard coded absolute path compiled into IWYU,sv
m10,"On Windows the natural ""packaging"" paradigm is to build a GUI installer often from a toolkit",sd
m10,The installer contains all files in an unrooted tree sort of like a tar archive,sd
m10,The first thing a GUI installer typically prompts for is the install root similar to the prefix but Windows installers can write files anywhere they like on the disk,sd
m10,The default here would be something like C \Program Files\include what you use but I might elect to install IWYU into F \temp\include what you use,sd
m10,So the install root can not be fixed at configure time it needs to be resolved at runtime,sd
m10,I'm not sure how stuff like this works in the Unix world    I haven't had a chance to get acquainted with any packaging system    can you not override the prefix for a package when installing it?,qy
m10,Also why system include path rather than  resource dir?,qw
m10,In Linux install behaves the same,qy
m10,It didn't seem like i can properly pass the resource dir into the tools,sv
m10,And there is only one resource dir so the fallback thing wouldn't work in that case,sd
m9,In Linux install behaves the same,sd
m10,In that case I don't understand how hard wiring an absolute path decided at configure time can work,h
m10,And there is only one resource dir so the fallback thing wouldn't work in that case,sd
m10,Ah hm,aap am
m10,I think it would make sense to make the fallback unnecessary but yeah until then  isystem should be equivalent,sv
m10,In that case I don't understand how hard wiring an absolute path decided at configure time can work,h
m9,That only makes sense if at configure time the path of the clang resources is know,sd
m9,Otherwise you can just specify a relative directory,no
m9,The relative directory will then be relative to the install prefix,sd
m10,OK so if the IWYU package being built uses the same default install prefix as the user installing IWYU this will work,bf
m10,And I guess that's the typical scenario,sv
m10,But in all other corner cases it will fail eg user overriding install prefix packager building with a non standard prefix user doesn't have clang installed Windows [not really a corner case but yeah  ],sd
m10,So it seems better to me to just always bundle the headers with IWYU,sv
m10,Or maybe it's a build flag    IWYU BUNDLE BUILTIN HEADERS    so that packagers can choose to bundle them but lowly people like myself can just run IWYU from the build tree with the clang resource dir path compiled in,sv
m9,Let me clarfiy how I expected this to be used ,oo co cc
m9,Use case a  If you build IWYU for yourself ie you have the clang sources or at least headers around and don't install or 'presist' the build anyhow you just leave IWYU RESOURCE DIR alone and everything will just work as you'd expect,sd
m9,At runtmie iwyu picks up the headers that belong to the clang you used during build,sd
m9,Use case b  If you build IWYU for distribution ie packaging or local installation you set IWYU RESOURCE DIR to a relative path,sd
m9,As result the resource headers will be copied into the bundle and picked up from there at runtime,sd
m9,In my hacky implementation there are two caveats wrt the uses cases ,sd
m9,What if you don't want to bundle the headers but just have them in a weird location?,qw
m9,You'd want to set IWYU RESOURCE DIR but not copy anything anywhere,sv
m9,This also is when you'd set the dir to an absolute path,sd
m9,A seperate BUNDLE option like you suggested would fix that,sd
m9,The divergence between build tree and install tree behavior we discussed above,sd
m9,This can be fixed by using the fallback onto CLANG RESOURCE DIR,sd
m10,As noted in #827 the builtin headers are now copied to the build dir under all configurations That solves this issue when include what you use is executed from the build tree which is not the case most of the time,sd
m10,Next step should be to also install the headers together with IWYU It's been quite some time since I investigated this but I seem to recall there's no straightforward way to override Clang's idea of where the builtin headers should be But there might be a more or less hacky way to do it,ad
m10,I think there are a number of increments to this ,sv
m10,So TL;DR; not sure what the next step is Needs more investigation and thinking which requires more time of which I don't have much right now,h
