members,text,Label
m0,Don't set sheet's rules to empty list in replaceSync #103,sd
m1,The spec description for replaceSync(text) lists on step 3) that the sheet's CSS rules should be set to an empty list.,sd
m1,This happens before step 5) where we might still throw a NotAllowedError if the parsed text contains any @import rules.,sd
m1,This would lead to behavior where a sheet that already has existing rules calls replaceSync(text) throws a NotAllowedError and still has its rules cleared to nothing.,sd
m1,Is this the intended behavior? As a user I would expect that if a NotAllowedError is thrown then the existing rules would remain unaffected.,qy
m2, I don't think this is intended behavior; if we're going to reject the operation it shouldn't have any side effects.,ng
m1,It seems reasonable to me that Step 3) can be removed all together. The current Step 6) assigns the sheet's rules to the parsed rules which will already be empty if the parse failed as specified in Step 4).,sv
m3,Don't set sheet's rules to empty list in replaceSync #103,ad
m1,Interesting thanks for noticing.,ba
m1,I made #103 to fix the spec and looks like the impl in Blink needs updating too.,sv
m1,Thanks!,ba
