members,text,Label
m0,m00#101,sd
m1,"I started a kind of concrete poetry book immediately after taking a p5js 101 workshop a few weeks ago, and thought I would use it as my nanogenmo project:",sv
m1,"to see what I could actually do with p5 in terms of text manipulation, and more pressingly to try and become a tiny bit more proficient at the mathematical side of programming in a language with very simple syntax (I have pretty much no mathematical understanding at all, and it is increasingly becoming a bit of a bottleneck in making interesting things).",sd
m1,"This didn't entirely work out - schedule disruptions happened, and the resulting project is much less mathematically ambitious than I'd hoped.",sd
m1,"I had also hoped to do some actual generative text work of some kind, but ended up leaving the placeholder text I used ('yes, and?', plus some punctuation and emoji hearts) in as the sole source for visual manipulation, both as a time-saver and because I thought it was kinda fun having the whole book be made up of so little text.",sv
m1,"However! it is complete, and it does look nice. Links:",sv
m1,"Live output (sort of mobile-friendly, but definitely better on desktop): https://yesand.glitch.me/",sd
m1,Source remixable on Glitch: https://glitch.com/edit/#!/remix/yesand,sd
m1,"I believe it is 171,002 words (the extra two are superimposed on to the heart on page 6), but am not completely sure if that's correct since I am a little hazy on how my for loops and p5's frame drawing interact with one another.",h
m1,If anyone knows I would love to confirm one way or another!,oo_co_cc
m1,"I've also turned the PDF preview into a tiny printable one-page zine, because why not.",sd
m2,Nice!,ba
m2,Can I get one of your zines in trade for something from my micropress Bad Quarto?,qy
m2,"Drop me a line if so, I love computer-generated books & zines.",sd
m2,You might also see about getting them out to people by selling them at bookartsbookshop there in London.,sv
m1,that would be lovely.,sv
m1,What’s the best way to organise this/get it to you?,qo
m1,"This is all very new territory for me, I don’t usually work with physical media at all!",sd
m2,Email me (address in GitHub profile) and we can exchange postal addresses.,ad
