members,text,Label
m1,"is it possible when i look at x.sp@barcode, there are duplicates?",qy
m1, if so what could be the reason?,qw
m2,That’s because you have merged multiple samples and barcode might be identical.,sv
m2,A barcode is defined by both barcode and file slot,sd
m1,Thank you very much!!,ba
m1,"On Tue, Sep 24, 2019 at 12:35  <notifications@github.com> wrote:",sd
m1,That’s because you have merged multiple samples and barcode might be identical.,sv
m1,A barcode is defined by both barcode and file slot,sd
m1,Sent from my iPhone,sd
m1,"On Sep 24, 2019, at 10:30 AM,wrote:",sd
m1,"is it possible when i look at ***@******, there are duplicates?",qy
m1,if so what could be the reason?,qo
m1,You are receiving this because you are subscribed to this thread.,sd
m1,"Reply to this email directly, view it on GitHub, or mute the thread.",ad
