members,text,Label
m1,Initial support for git submodules #103,sd
m1,"This initial support is based on the work done by @ for devtools, plus minor additions from my side.",sd
m1,"It includes submodules support for git2r, xgit and github remotes.",sd
m1,"It is not fully recursive yet, and the code is still not all cleanly separated, but it works as a first approach.",sd
m2,This pull request addresses #82.,sd
m3,clone git submodules when they are present,ad
m3,"Coping with gitmodule files without ""url""",ad
m1,Properly check for git remote objects,ad
m4,github remote supports submodules,ad
m3,Thanks for this useful feature!,ba
m3,Any idea when this code will be merged into master?,qo
m1,No idea from my side.,no
m5,"The pull request has been hanging out for a bit, but nothing much has happened since.",no
m1,Hopefully your comment will bring the attention back to this pull request.,sv
m2,Bump?,qy
m1,"Well, you said that:",%
m1,"not fully recursive yet, and the code is still not all cleanly separated,- thoughts?",qo
m2,"I've been using your fork and it works recursively for me, so what functionality is absent?",qo
m1,so I was wondering if you wanted to finish it.,qy
m6,Hi,fp
m1,"When I say that it's not fully recursive I mean that submodules are not checked for submodules (e.g., repository A references repository B, which in turn references repository C), which IIRC hasn't been implemented yet.",bf
m1,"I didn't even try that scenario, so if it works it's pure chance.",sv
m2,"When you say that it works recursively for you, do you mean exactly that, or only that one level of submodule references works fine?",bh
m1,"By the code not being cleanly separated I mean that the specifics about ""recursiveness"" are not generic enough at the moment since {{install-remotes.R}} has code that is specific to {{git}}-related remotes, instead of generalizing this concept and coding it into each of the supported remotes.",bf
m2,"As a first iteration it works though, which is why I though this request was maybe already good enough to be present as a first iteration.",sv
m1,"If thinks this needs a bit more of work before being accepted I could try to find some time to address the comments, but can't promise any speedy delivery.",oo_co_cc
m2,"Admittedly, I've only tested with a single submodule level, so it behaved the same as a git clone recursive call for the same repo.",aa
m6,"cderv mentioned this pull request on May 28, 2018",sd
m7,How could I release an R package on github using github submodules? #133,qo
m8,Closed,sd
m8,"added a commit to remotes that referenced this pull request on Aug 10, 2018",sd
m8,Support retrieving submodules,sd
m8,"added a commit to remotes that referenced this pull request on Aug 16, 2018",sd
m8,Add support for retrieving submodules to all remote types,ad
m8,"closed this in 0927172 on Aug 20, 2018",sd
