members,text,Label
m0,Add design files to the repo #103,ad
m1,Add mockups and base AI file to the repo in order to create static mockups.,ad
m1,"added a commit to k88hudson/collusion that referenced this issue on Sep 28, 2012",ad
m2,I added an AI file and pdf version,sd
m2,"assigned dethe on Sep 28, 2012",ad
m2,"dethe added a commit that referenced this issue on Sep 28, 2012",sd
m1,Is anything else remaining to add for the Oct 8th release?,qy
m1,Can I close this issue?,qy
m1,This is resolved for now,sd
m1,"closed this on Oct 16, 2012",sd
