members,text,Label
m0,Fix for alignment issues. #103,sd
m1,What does this Pull Request do?,qo
m2,Adds CSS changes to the batch admin tables to fix algnment issues.,ad
m1,What's new?,qo
m2,adds the following rules to ctools-dropbutton-wrapper,ad
m2,position: relative; // to force the absolute positioning of ctools-button-processed into it's context and not the page.,ad
m2,width: 100%; to ensure this span takes up the full width of the parent.,ad
m2,display: block; to enforce height dimensions,ad
m2,adds the following rules to td.views-field-actions {width: 135px; //enforce width here to account for width of existing text strings vertical-align: top //counter-act offset issues},ad
m1,How should this be tested?,qo
m2,The following pages should no longer have alignment issues with the ctools drop button in the last table column.,sv
m2,Interested parties,sd
m2,fix for alignment issues.,sd
m1,A bit of testing.,sd
m1,it appears this can be done somewhat more ideally by populating the header for the column,sv
m1,"Operations, or something of the like,or maybe something of a premature optimization",sv
m2,but could target the header cell specifically?,qy
m1,... Dunno...,ng
m3,thinking explicit pixels could run into issues should the text for the operations be translated to be longer...,sv
m3,though not quite sure how to resolve in a table... Shrug?,h
m3,though not quite sure how to resolve in a table... Shrug?,qo
m1,"Yeah, I'm not entirely happy about this.",aa
m1,"The root of the issue is that the div inside the wrapper span, has the class ""ctools-dropbutton-processed"" this has a rule making it absolutely positioned, which essentially means it's height/width will not affect it's parents.",bf
m1,"Without any content to grow the td or the span, we have to resort to explicitly setting a width.",ad
m1,The other option is to override the absolute positioning and make ctools-dropbutton-processed relative.,oo_co_cc
m1,Targeting the header cell is fine.,na
m2,"I had made a comment to, suggesting we may be able to get a way with laying out the table in CSS as a table.",sv
m2,"This way we could avoid the header cell styling, or adding text there the community may not be expecting.",sv
m2,"In stark, the table layout (using just the above code) would look something like this:",sd
m1,Really... this file should probably go away (probably should have been marked deprecated when we moved away from using contextual links for the operations)... we no longer use contextual links.,sv
m1,Is this section really necessary?,qy
m1,Seems to work the same with and without it.,sv
m1,"Paranoia really, absolute positioning is bound to the first parent whose positioning is not default.",sv
m2,"This is just ensuring that no matter what happens, the child object will always remain positioned relative to the wrapper span.",sd
m2,"More paranoia, Divs inside spans don't make logical or semantic sense.",sv
m2,ust a note: There's also the user-specific paths at:,sd
m2,which are similarly effected.,sd
m2,"I had made a comment to , suggesting we may be able to get a way with laying out the table in CSS as a table.",sd
m2,"This way we could avoid the header cell styling, or adding text there the community may not be expecting.",sv
m2,"In stark, the table layout (using just the above code) would look something like this:",sd
m1,let me know when you are ready with to test.,ad
m1,Will try with some Browser variety and hopefully with some other than only default theming.,ad
m1,(let's see how that goes).,b
m1,"About that Div inside a span, can we change that?",qy
m1,"Seems like less than standard, or maybe it is just me.",sv
m1,Thanks,ba
m1,Code itself seems good to test.,sv
m3,As for div in span ... does feel weird?,qy
m3,"Looks like it happens by virtue of adding a prefix/suffix to the button theme in the field handler ... could be changed to a <div>, possibly?",qy
m2,Not certain it's in scope for this task; perhaps we should open a ticket?,qy
m1,"Haha never mind, there we go",aa
m1,hi We are ready to proceed with testing.,aa
m2,OK will do tomorrow AM.,na
m1,thanks,ba
m1,hi just checking in to see if you had a chance to check this out yet.,qy
m1,"All the best,",fc
m1,#NAME?,sd
m2,Give me 24 hours to merge,sd
m2,deserves credit on that.,aa
m1,There is still a slight vertical offset.,sd
m1,(means the selection elements are slightly (but noticeable) offset from table rows.,sd
m1,Not sure if you see that also?,qy^d
m2,I'm seeing this when admin overlay is enabled.,b
m1,Could we fix this while we are here?,qy
m1,let me know,qo
m2,I made a fix giving some height to the wrapper element which had none (child was absolute positioned) It seems to take the vertical-align: middle now.,sv
m2,"I have tested this out using stark, with and without admin overlay.",sd
m2,Both present the table in a vertically aligned fashion.,sd
m2,"However, it is also worth noting we can get away without the min-height by removing the absolute positioning on the ctools-dropbutton-processed (provided by views_table_contextual_links_fix.css).",sv
m2,"That stylesheet is provided by views however, so overriding it requires a css_alter() hook or a '!important' written in to this modules .css, which is kinda terrible.",sv
m2,That said,sd
m2,To avoid the min-height:,sd
m2,1: .ctools-dropbutton-processed : Remove the absolute position rule (uses position: relative other wise).,ad
m2,"This rule is being supplied by views-admin.ctools.css, and would need to be overridden with the css_alter hook, or a '!important' rule.",sd
m2,2: td.views-field-actions .ctools-dropbutton-wrapper : Remove min-height,ad
m2,"A few more options are available to address this, but they require overriding CSS elsewhere or disabling the admin theme (to avoid additional styling on the table).",sd
m1,This is less then ideal.,sv
m1,"All things considered, the latest commit looks to be the easiest way to resolve the alignment issue in a reliable fashion.",sv
m1,the min-height solves the issue at least for stark/recommended admin themes.,sd
m1,"Table row height actually varies a lot (see Bootstrap) and I would actually always prefer an !important or even if possible, a more exact CSS selector (which can be archieved by adding a specific #id to our table view wrapper and then targeting based on that.",sv
m1,But i guess this is good for now since many of our admin interfaces fail on more complex themes (solr index admin does not work 100% on bootstrap for example).,sv
m3,"As I understand it, the issue is actually that the wrapper has no height and cannot take the vertical align property.",sv
m1,"The min-height of the wrapper is set to be equal to the height of the child button group itself, The child button is absolutely aligned so doesn't impart dimension to it's parent.",sd
m1,So the function of this rule is two fold 1) give dimension to the wrapper element so it can take the vertical-align prop.,ad
m1,2) Constrain the min-height of the wrapper to never be less than the child element ( the button group).,ad
m1,The biggest benefit is that we don't need to override any rules coming from ctools.,bf
