members,text,Label
m0,Generation/version missing in errorhandling #104,sd
m1,While testing I stumbled on this:,sd
m1,So it is not reporting the generation or version which can be very helpful when debugging.,sd
m2,Is this still relevant?,qy
m2,"If so, what is blocking it?",qo
m2,Is there anything you can do to help move it forward?,qy
m3,This issue has been automatically marked as stale because it has not had recent activity. It will be closed if no further activity occurs.,sd
m3,Fixed as part of a1952ec,sd
