members,text,Label
m0,ares.ares_host_result unpickleable #104,sd
m1,What steps will reproduce the problem?,qw
m1,which is obviously not intended,sd
m1,What version of the gevent are you using?,qw
m1,What version of libevent are you using?,qw
m1,On what operating system?,qw
m1,On what Python?,qw
m1,Please provide any additional information below.,ad
m1,The following insertion into ares.pyx resolves:,sd
m1,This fix allows us to set cookie options and maintain compatibility with current configurations.,sd
m1,Now that I have some sleep:,sd
m2,Fixed in,sd
m2,Thanks for the patch! Please email me your name so I can add you to AUTHORS.,ba
m1,"Your welcome!  my name is ""Shaun Cutts""",ba
m1,"Thanks, and keep up the good work!",ft
m1,Happy New Year,fc
