members,text,Label
m0,Issue Prioritisation Explainer #105,sd
m1,"In an effort to assist with prioritisation and focus for the Working Group post FPWD, I've reviewed the current list of open issues (54 at time of writing)",sd
m1,"So we can see the maturity of the documents, I've labelled issues where there is a clear specific document that they apply to as follows;",sd
m1,"Furthermore, I've categorised the issues into some broad categories based on the type of issue as follows;",sd
m1,"Lastly, I've applied a priority to them as follows using milestones;",ad
m1,"I've assessed these priorities based partly on the ""type"", but also applied some more (personal) logic to this as below;",sd
m1,Overall this gives us the following breakdown of categories at the time of writing;,sd
m1,We can discuss at the WG meeting on Thursday how to interpret (and refine) this data.,oo_co_cc
m2,"Thanks Matt, this classification grandly facilitates understanding and browsing of our state of the art.",ba
m3,"We might want labels based on elements from the payments architecture, like ""Payment App"", ""Payment Mediator"", etc.",sv
m4,Thanks  for this.,ba
m4,I have started triaging these and updating labels and priorities as I go.,sd
