members,text,Label
m0,Version negotiation #105,sd
m1,We need some story for how to evolve versions over time.,sd
m1,How and where is version support indicated?,qo
m1,How can a group transition from one version to another?,qo
m2,"It seems like the right answer here is roughly the same as for ciphersuites -- advertise support in UserInitKey, select in Welcome.",sv
m2,"For -04, this will be a preliminary effort.",sd
m2,"points out that there are more subtle considerations here, e.g., what remains constant across versions. But we'll go ahead and put something basic in -04, as a basis for discussion.",ad
m1,Moving to -05 to see if we need something more.,sd
m1,"Per discussion at interim, this is adequately addressed by:",sd
m1,Stating a version in ClientInitKey (in current draft),sd
m1,Providing a list of supported versions in CIK to prevent downgrade (#224),sd
m1,So closing this in favor of #224,sd
