members,text,Label
m0,Release Dispatch Slack app #105,sd
m1,"Carrying on from #63, we have the option to potentially release dispatch as a Slack application.",sd
m1,"Currently we include documentation for setting it up as a private Workspace application, it'd be great to alleviate the manual steps we can.",sd
m1,"Will need to explore the Slack app release process further, as well as determine whether custom parameters like the API Gateway URL and SNS Topic are possible in a released application.",sd
m1,We will not be releasing a Slack app.,sd
m1,"Yeah we now have gov price feed as well, although that can fail and the system keeps operating",ny
m1,I'll extend the docs about this in a few days.,sd
m2,great,ba
m1,Actually 'debt' is correct here.,aa
m1,fixed,sd
m2,tag is a ray now I think. All prices should be rays.,sv
m1,"Yeah, I'd missed that one.",ny
m1,Fixed now.,sd
