members,text,Label
m0,master playground doesn't work #105,sd
m1,I really like the idea of this project but I currently can't get it to run in the browser.,sd
m1,Running the master playground doesn't work:,sd
m1,Error: Scheme runtime error in char->integer: not a char,^q
m1,Running ./bootstrap-from-guile.sh didn't work either.,sd
m1,Error: Scheme runtime error in read-library: Could not find library,^q
m1,#65 works.,sd
m1,It would be great if somebody could help me although I just wanted to try this project out and are not currently planning to actively use it.,sd
m2,Hey sorry for taking so long the respond!,fa
m2,One issue with the playground currently is that Schism generates return_call instructions which last I checked browsers do not have enabled by default. This may have changed though.,no
m2,At any rate the issue you're hitting sounds like a different one.,sv
m2,I think it may be some of the library changes we've made.,sv
m2,We can load libraries from the file system but we haven't put a fall back in place for running on the web.,ad
m3,I was playing around with this today. I think I'm hitting an issue where what is failing is parsing rnrs.ss:,sv
m3,I did manage to get a program to run from the playground by not importing it though,sd
