members,text,Label
m0,Fix fails_with: llvm issue #105,sd
m1,Thanks for your pull request.,ba
m1,It looks like this may be your first contribution to a Google open source project.,sv
m1,"Before we can look at your pull request, you'll need to sign a Contributor License Agreement (CLA).",ad
m1,"Once you've signed, please reply here (e.g. I signed it!) and we'll verify.",sd
m2,Thanks.,fc
m1,"If you've already signed a CLA, it's possible we don't have your GitHub username or you're using a different email address.",sd
m1,Check your existing CLA data and verify that your email is set on your git commits.,ad
m1,"If your company signed a CLA, they designated a Point of Contact who decides which employees are authorized to participate.",sd
m1,You may need to contact the Point of Contact for your company and ask to be added to the group of authorized contributors.,sd
m1,"If you don't know who your Point of Contact is, direct the project maintainer to go/cla#troubleshoot.",ad
m1,"In order to pass this check, please resolve this problem and have the pull request author add another comment and the bot will run again.",ad
m2,I signed it!,sd
m1,"CLAs look good, thanks!",ba
m3,Can you provide some additional comments on the change?,qy
m3,Since when is this ok?,qo
