members,text,Label
m0,Failed to add deploy keys on GitHub #105,sd
m1,I used tic::use_tic() to deploy the pkgdown site of my package but I got this error:,sd
m1,The repository is a company repository but I must say I have the owner access to this repository.,sd
m1,I started to debug the function and found out that the problem is in travis::use_travis_deploy() function.,sd
m1,Both remove_key_if_exists and github_add_key do not work.,sd
m1,"If I go further inside github_add_key function, I found that ret <- add_key(key_data, repo, gh_token, quiet) is not working with error:",sd
m1,I assume that the GITHUB_POST on line is at the origin of the problem.,sd
m1,I did the operation manually on Github website and it works.,sd
m1,I use {travis} v0.2.11.9000 and {httr} v1.4.1,sd
m2,Everything working for orgs on my side with travis::use_travis_deploy().,no
m2,Did you by chance try with a fork instead of a normal repo?,qy
m1,We just had a similar issue in which this was the problem.,sd
m1,Thanks for your answer.,ba
m1,This is not a fork.,ng
m1,I tried with another repository in the organization account but it does not work.,sd
m1,"However, I tried with a repo on my own account and it works.",sd
m1,"I am admin in the organisation account , so it do not understand where I am blocked.",sd
m2,Maybe it comes down to repository rights/team memberships? This is not easy to debug because we cannot simply create a reprex here.,qy^d
m2,"Can you give yourself explicit write permissions in the repo, maybe even using ""Teams"" in the organization?",qy
m1,I added me inside a Team as well as collaborator.,sd
m1,"Independently or combined, this has no effect.",sd
m1,"Obviously, I already had the privilege to create a deploy key as I did it interactively, but I can't with the API. This must be somewhere else...",sd
m2,Thanks for trying!,ba
m2,Would it be possible to create a test repo within your org and add me as a collab?,qy
m2,So I could try things on my own?,qy
m1,Sure.,na
m1,Here is the repo:,sd
m1,You may have received an invitation.,sd
m2,I added you as maintainer.,sd
m2,You'll probably have to accept the invitation to the team.,sv
m1,Ok. So the problem seems to be that returns a 404 in,sd
m1,whereas trying it with ropenscilabs/tic.package returns a valid 200 return code.,sd
m1,I just created a new test org with a new repo and getting the same 404 error there.,sd
m1,At first I suspected that we may run in trouble if there is no existing key yet and therefore the http request returns 404 (which actually shouldn't happen).,sd
m1,"So I added one manually but that did not change anything, still getting a 404.",sd
m1,I was thinking about different permissions in some way between the orgs but could not come up with a difference.,sd
m1,I assume that something changed with for recent orgs within the Github API.,sv
m1,Do you have an idea what might be the problem here?,qy
m1,Otherwise I would ask in the Github dev forum.,sd
m1,It seems that it comes down to the rate limit for API requests for a certain API.,sv
m1,Example,sd
m1,Note the reset time (50 years). All of this is triggered by,sd
m1,This means the behavior might differ if you use the function from a different IP/network.,no
m1,AFAICS the gh_token we are passing has nothing to do with the rate limit but is only used for auth tasks.,sd
m1,"If I use my local phone as a hotspot, I get ""Not Found"" when entering in the browser and when using GITHUB_GET from above.",sd
m1,"To solve this, one can pass an app's client ID with the query.",ad
m1,Also see this SO question.,ad
m1,"I just found that when we replace GITHUB_GET above by gh::gh(), the request succeeds.",sd
m1,I guess it would simplify things it we outsource all the GH requests to the gh package.,ad
m1,I do not know what they do different in terms of API requests and limits but I am also not an expert in these things.,h
m2,Yes this works !,aa
m2,But you let a browser() call in github_add_key():,sd
m1,Cool! Then I'll continue on this.,ba
m1,"Ups, well spotted! :)",ba
