members,text,Label
m0,How could I release an R package on github using github submodules? #133,qo
m1,I'm following up on this SO question as no one else has. The comments recommend posting a feature request here. ,sd
m1,I have an R package on github. This R package has C++ dependencies which I include in /src.,sd
m1,The correct way I would normally do this (outside of R) is create submodules within the github repo which could link to the correct commits as dependencies.,sd
m1,So the checking for empty or unneeded directories causes the errors because the submodules are interpreted as empty subdirectories. Therefore it cannot find the necessary dependencies and I'll run into a fatal error upon build,sd
m1, Yes one way to solve this is to physically put the dependencies within the R package. That does defeat the purpose of submodules though which are very useful.,aa
m1,It appears using the following argument works:,sd
m1,"The problem with this is this isn't default behavior. I'm nervous about getting dozens of github issues from users who ran devtools::install_git(""reponame/packagename"") and didn't read the fine print in the README",sd
m1,Is there a better way? ,qy
m1,What is the standard method of releasing R packages as a github repo using submodules?,qw
m2,FWIW there is a on-going PR for installing github repo with submodules in #103. When it is done it may answer your use case.,sv
m3,I would recommend using subtrees instead of submodules which will just work for users without any additional tooling.,sd
m3,As of 0927172 remotes now automatically detects submodules and installs them as needed.,sd
