members,text,Label
m0,text color equal background color #2115,sd
m1,Some labels are rendered in the same color as the console background. Making them only readable after selecting the text.,sd
m1,Looking through the issues I realize that can be because most of my labels don't have a background color.,sd
m1,Console: Cmder (ConEmu) @ Windows 10. The console does support 24bit color mode.,sd
m1,from left to right ConEmu CMD Powershel,sd
m2,Hi thank you for reporting! This is how it should look like (iTerm2 on macOS):,ft
m2,Out detection of color compatibility in terminals isn't great,sd
m2,Do any of these terminals advertise TERM_PROGRAM among environment variables,qo
m1,Sorry lost track of this issue. None of the terminals have the TERM_PROGRAM env variable. ,fa
m1,What should it's value be?,qw
m1,"Setting it to Apple_Terminal to force the ""broken 24 bit mode"" add's some color to it. As I understand it setting it to anything else would force render in 24bit mode. Correct? ",qo
m1,If that's the case 24bit mode doesn't work on Windows. Which is strange because ConEmu should support it.,sd
m1,Cygwin and thereby ConEmu do expose the TERM env variable. It contains the value cygwin. Cmd and Powershell do not.,sd
m2,"Thank you for exploring. Since these programs don't set TERM_PROGRAM is there something else from the environment that we can detect and opt these shells into the ""broken 24 bit mode""?",qo
