members,text,Label
m1,This would add functionality to commit so that --co-author NAME EMAIL is a valid argument. It would simply add Co-authored-by: $1 <$2> to the commit body.,sd
m2,I'm interested in giving this a try. Seems like it involves adding a new wrapper around the commit command.,aa
m3,This is not a bad feature idea but I'm inclined to think that the complexity of implementing and maintaining this isn't worth the payoff of appending a single line to a git commit message.,aap_am
m3,It feems almost as easy to type Co-authored-by: NAME <EMAIL> in a message as it is to type --co-author NAME EMAIL on the command-line.,sd
m3,Thanks for volunteering to pick this up! Before you start implementing how do you plan to handle different ways of supplying a git commit message to the git commit command?,qo
m3,Will all of the listed modes be complatible with --co-author? You see why I'm asking— this might be difficult to implement and maintain.,sd
m1,I simply think the value is not having to Google how to co-author commits every time you want to do it. It will just show up in hub help. To me that alone is worth bringing it in.,ng
m2,Yeah when I started looking into adding this the complexity skyrocketed pretty quickly. I think adding it on-top of git commit is probably unwise as you suggest.,b
m2,Perhaps there's a different implementation - like post-hoc amending a commit after it's been made?,qo
m3,Here's a potential approach:,no
m3,This hook will automatically add a Co-authored-by line to every commit.,sd
m3,However it's still not straightforward:,sd
m3,How will the hub command to set this up be called?,qo
m3,"how does the person ""enter"" pairing mode where subsequent commits are co-authored? How do they ""exit"" that mode?",qo
m3,how do we add additional co-authored people? How do we remove them?,qo
m3,what happens if they forget the hook was installed?,qw
m3,what if there is an existing commit-msg hook?,qw
m3,how will this work on Windows?,qo
m1,t seems to me that it's reasonable to only be supported alongside -m or --amend,sd
m1,The message is the most common usage and all the other options involve either opening an editor or more nuanced uses of commit,sd
m1,So as a user either you use it with -m or you don't. If you don't you just go back and use it with --amend.,sd
m2, like the idea of utilising commit-msg hook maybe there's a way to do it one-time.,sd
m2,Perhaps we can wrap around git commit add or append to the commit-msg shell file and clean up afterwards?,qo
m2,I don't know if anything else in hub uses a technique like this seems a bit hacky.,h
