members,text,Label
m0,Notes for Meeting 28 #102,sd
m1,Take notes for Ethereum 2.0 call meeting 28.,ad
m1,The have allocated to take the notes.,sd
m2,If you would like to work on this issue you can 'start work'  on the Gitcoin Issue Details page.,sv
m2,Want to chip in?,qo
m2,Add your own contribution here,ad
m2,Questions?,qy
m2,Checkout Gitcoin Help or the Gitcoin Slack,ad
m2,"$109,159.68 more funded OSS Work available on the Gitcoin Issue Explorer",sd
m2,Work has been started.,sd
m2,"These users each claimed they can complete the work by 2 weeks, 2 days from now.",sd
m2,Please review their action plans below:,ad
m2,1)xyz  has applied to start work (Funders only: approve worker  reject worker).,sd
m2,I would like to participate in this exercise.,oo_co_cc
m2,It would help me to learn current advancements in Ethereum ecosystem,sd
m2,2)  has applied to start work (Funders only: approve worker reject worker).,sd
m2,I would love to sit in on this meeting and take notes.,sv
m2,I also would like to converse with the funder to know more about this bounty.,sv
m2,3)  has applied to start work (Funders only: approve worker reject worker).,sd
m2,"Down to listen in and take detailed notes, will also record audio and an auto generated transcript in case there are any missing pieces",ad
m2,4)  has applied to start work (Funders only: approve worker  reject worker).,sd
m2,"I would love to listen in on this meeting and take detailed notes, mostly as I am interested in learning more about Ethereum.",sv
m2,I have great english listening and writing skills and I am confident that I can create useful notes from this call.,sv
m2,5) has been approved to start work.,sd
m2,Assigned by I will attend the meeting and write the notes.,oo_co_cc
m2,Learn more on the Gitcoin Issue Details page.,ad
m3,notes submitted,sd
m2,Hello from Gitcoin Core - are you still working on this issue?,qy
m2,Please submit a WIP PR or comment back within the next 3 days or you will be removed from this ticket and it will be returned to an ‘Open’ status.,ad
m2,Please let us know if you have questions!,oo_co_cc
m2,Have already submitted the PR,sd
m2,Hello from Gitcoin Core -,fp
m2,are you still working on this issue?,qy
m2,Please submit a WIP PR or comment back,ad
m2,within the next 3 days or you will be removed from this ticket and it will be returned to an ‘Open’ status.,sd
m2,Please let us know if you have questions!,oo_co_cc
m2,reminder (3 days),sd
m2,escalation to mods (6 days),sd
m2,Funders only: Snooze warnings for 1 day,sd
m3,You are receiving this because you were mentioned.,sd
m3,"Reply to this email directly, view it on GitHub",ad
m2,A tip worth 100.00000 SAI (100.0 USD @ $1.0/SAI) has been granted to  for this issue from .,sd
m2,Nice work!,ba
m2,Your tip has automatically been deposited in the ETH address we have on file.,sd
m2,$99842.29 in Funded OSS Work Available at:,sd
m2,Incentivize contributions to your repo: Send a Tip or Fund a PR,sd
m2,No Email?,qy
m2,Get help on the Gitcoin Slack,ad
m2,Issue Status: 1 Open 2 Started 3 Submitted 4. Done,sd
m2,This Bounty has been completed.,sd
m2,Additional Tips for this Bounty:,sd
m2,ceresstation tipped 1000000 SAI worth 1000 USD to.,sd
m2,Learn more on the Gitcoin Issue Details page,ad
m2,Questions?,qy
m2,Checkout Gitcoin Help or the Gitcoin Slack,ad
m2,more funded OSS Work available on the Gitcoin Issue Explorer,sd
m4,Done,sd
