members,text,Label
m1,Unexpected merge importing a pull request #104,sd
m1,When trying to import a pull request using the workflow: I get:,sd
m1,"However, that pull request didn't change the .gitignore file so I didn't expect this to be a problem.",sv
m1,"I don't see why Copybara is trying to merge the two .gitignore files, are they treated specially by globs?",qy
m1,Looking at the two tips of the commit history:,sd
m1,"which is the state of my SoT, and the merge:",sd
m1,It's almost like the core.move() operation here is not removing the source files.,sd
m1,One thing to note when running this again with -v and reading the logs is this:,ad
m1,Not sure if that's related though...,h
m2,Hi,fp
m2,Sorry for the late reply.,fa
m2,"The reason is a conflict with the labels because this is git to git (we haven't used this much, we almost always use it for non-git to/from git).",sd
m2,The way to fix it is for your CHANGE_REQUEST workflow use:,sd
m2,The default for integrates is to do a merge with the change from COPYBARA_INTEGRATE_REVIEW.,sd
m2,But in this case it is the change that we are importing itself.,sd
m2,"Note that integrates = [], should only be set in the CHANGE_REQUEST one.",ad
m2,The one from cb-sot -> cb-sot-public should rely on the default (and have the same expose label).,sv
m1,No worries Mikel…,no
m1,Maybe I’m not understanding the flow then.,h
m1,"I tried adding the `integrates` attribute, and as you said, it fixed the merge problem but I’m not getting the behavior I expect.",no
m1,What I’m trying to do is set up a workflow where I have an internal private git repo and an external public git repo.,sd
m1,"The private one has more than just the piece I’m moving to the public one, thus the `core.move()` calls.",sd
m1,The flow I want is an initial export of the history with some cleanups.,sd
m1,Then the public one should become the SoT and the internal one would be more of a testing ground for public PRs.,sv
m1,Does that make sense?,qy
m1,I’m having trouble understanding all the labels and attributes in the workflows and what they mean :-),sd
m1,Thanks for your help!,ba
m2,I see.,b
m2,Forget about the integrates then.,ad
m2,For some reason I though your SoT was the private repo.,sv
m2,Then you wouldn't need to use a CHANGE_REQUEST workflow (For now).,ad
m2,This is what I would setup:,sv
m2,1. One workflow from private -> public in ITERATIVE mode. You probably want to use --ignore-noop. Throw away this workflow once the initial import is done.,ad
m2,"2. Once you have public ready, make public SoT (For public part of the repo)",ad
m2,3. Create an ITERATIVE or SQUASH workflow from public -> private. git.origin -> git.destination. This will be in charge of importing submitted code internally.,ad
m2,At this point you can work in the external repo and periodically import to the internal repo. Now presubmits:,ad
m2,*Checking that external changes don't break internal:*,sd
m2,"4. Configure an external -> internal workflow with mode CHANGE_REQUEST_FROM_SOT. This will be git.github_pr_origin to git.github_pr_destination. Don't merge this prs, use them for testing only (we can do something about this later).",ad
m2,*Checking that internal changes don't break external and do changes to external from internal:*,sd
m2,5. Configure an internal to external workflow using CHANGE_REQUEST mode. use git.github_pr_origin to git.github_pr_destination. You don't submit in the the internal repo. You merge/submit in the destination (External).,ad
m2,For 5) sometimes you need to do an incompatible change that needs to change internal an external.,ad
m2,"You can chose between breaking the internal repo temporarily or (What we usually do) when doing an import from step 3), manually add the pending incompatible commits from internal.",ad
m2,I hope it helps!,qy
m2,"Hi Oscar, did it work for you?",qy
