members,text,Label
m1,Example configurations:,sd
m1,"Without being able to set cookie options, I receive warnings when running the OWASP ZAP test because httpOnly and secure are not set on my csrf cookie. LGTM!",sd
m1,That's the main reason behind this PR as we performed an Acunetix audit on our applications and the only warning we had was with an insecure cookie (XSRF).,sd
m1,"Sadly, it's been quite a while since I made this pull request.",sv
m1,"Anyway, I've added the respective tests and improved cookie options validations.",no
m1,"If you like, you can install lusca with this fix until it's merged using npm i",no
m2,"Hey, We'll assess this PR this week. Thanks for submitting it.",ba
m2,Seems fine from my perspective,aa
m1,Awesome! Let me know if you need anything else.,oo_co_cc
m3,Hi,fp
m3,Any news regarding this?,qy
m1,Finally decided to take my own approach on this matter.,sd
m1,"If anyone else is interested, you're welcome to try Fi Aegis.",oo_co_cc
m1,"We've forked this project and added some functionalities, improved documentation and made minor code optimizations.",sd
m1,will get this in with 1.5.0 release.,sd
m1,sorry this repo has been so neglected :(,fa
