members,text,Label
m0,Hub Autocomplete doesn't show,sd
m1,Command attempted:,sd
m1,What happened:,sd
m1,More info:,sd
m2,"Does any hub command show up, e.g. pull-request?",qy
m1,"Hmm, it does not. Only thing it shows is pull. I thought I saw hub specific autocompletes earlier but looks like I may have been mistaken.",ng
m2,"Is hub aliased as ""git""?",qy
m3,"also happen to hub browse, I had done the alias git=hub but the problem persists",sd
m4, am also having issues with zsh completion:,sd
m4,"In bash, this hack works once both git and hub completion scripts are loaded.",sd
m4,"The --list-cmds command, which is supposed to be used by the latest completion script versions works:",sd
m4,"I finally fixed the problem. I made sure I had the latest versions of both git and hub, then I removed one of the _git files according to this comment: #1956 (comment) (that is, no more _git file in /usr/local/share/zsh/site-functions). I also made sure /usr/local/share/zsh/site-functions/_hub was pointing to the right/latest file.",sd
m5,"Unfortunately I'm still experiencing issues, even after following suggestions from #2381 (comment).",sd
m5,"hub <TAB> is not displaying any completion (only local files), while git completion is working fine after enabling setopt completealiases.",sd
m5,This is my environment:,sd
m5,"git, hub and zsh installed via brew",sd
m5,oh-my-zsh installed,sd
m5,using the github plugin for oh-my-zsh.,sd
m5,"Also, this is my $FPATH (formatted for better reading):",sd
m6,I'm also experiencing this.,sd
m6,Versions:,sd
m6,"git, hub and zsh are installed via Homebrew)",sd
m6,fpath:,sd
