members,text,Label
m0,add on/off to event signal #37399,sd
m1,Would if make sense to add on/off as aliases to addEventListener/removeEventListener?,qo
m1,I'm ending up writing quite a bit of code that checks for either since usually I like to implement api's to support both EventEmitter and AbortSignal. Having the aliases would make code much easier and less error prone.,sd
m2,"we are not allowed to do this, WebIDL is very specific about that fact and we're not going to be able to push such a huge change the EventTarget spec (almost everything in the web basically is an EventTarget from a div to an XMLHttpRequest).",ng
m2,Use the static helpers - they already support both EventTarget and EventEmitter explicitly for this purpuse:,ad
m2,They both even take a signal parameter.,sd
m2,Also - we have in the past supported both in some cancellation APIs (made it intentionally possible to pass an EventEmitter and avoided branding checks) - but I think AbortSignal is probably the future in terms of what we're going with.,sd
m2,I will ask in whatwg/dom just in case,sd
m1,I'm happy with the answer if you wish to close.,ba
m2,Do we want to add a section to the docs discussing this (code supporting both EventTarget and EventEmitter) and add a recommendation to use on/once for that case?,qy
m3,"I'd be happy to try and help writing some docs, although i'll only have time in a few days, in the weekend.",aa
