members,text,Label
m0,Cadence #100,sd
m1,"Guys, it would be great if you add cadence simulation, because it's really useful feature.",sv
m1,Now i'm working on endomondo activity track uploading and i don't know how to transmit cadence info.,sd
m1,"I can get real device with cadence sensor, and intercept traffic but it's money and time.",sd
m1,"Your software could help me, but as i can see you're not supporting it.",sv
m1,Maybe you have plans to add in future?,qy
m2,Do you mean cadence sensor from cycling speed and cadence or cadence?,qy^d
m2,Shouldn't be too hard to implement,sv
m1,"I don't know what's it in specification, but that cadence isn't only about cycling but also about running.",sd
m1,Step frequency is quite important for runners.,sd
m1,"Any sport app (endomondo, strava) should show cadence if you have some ant+ or another chest pulse sensor connected.",qo
