members,text,Label
m0,make check failure for macOs #36656,sd
m1,Commit 0b6d307,%
m1,macOS 11.1 aarch64,%
m1,Xcode 12.3,%
m2,personally I have not used macos but make check works fine for windows10 os,sd
m3,I don't know if we have collaborators with an M1 Mac yet.,h
m4,I can reproduce on my machine (M1 CPU).,sd
m4,"For info, node --prof always segfaults on Apple Silicon, it's probably a V8 bug. If you don't need this feature, node works perfectly fine though.",sd
m4,"I'm not able to compile gdb though, so I can't really help debug this, sorry.",ng
m3,Maybe you can try lldb instead?,qo
m4,gave me the info I needed,ba
m4,I've submitted the fix to https://chromium-review.googlesource.com/c/v8/v8/+/2609413. @nodejs/v8 is there something else I should do to ensure the fix makes it to the next Node.js releases?,qo
m3,"If you want someone to review your CL, you need to mark it as ready for review (it's currently WIP) and ideally add some reviewers.",sd
m3,"Edit: it's a bit counter-intuitive, but that's what the ""Start review"" button allows you to do.",sd
m4,Thanks for the info! I've now submitted the CL for reviews.,ft
