members,text,Label
m0,bitwise ghost implementation #100,sd
m1,This issue refers to the bitwise LMD Ghost implementation,sd
m1,In the event a chain has two children of equal weight and the log lookup is successful the implementation calls get clear winner,sd
m1,This will choose a winner based on the ordering of the python dictionary (in contrast to the bitwise selection which breaks ties based on lowest hash of the block). See line:,sd
m1,Should this perhaps be rather than as it seems that a clear winner is not obvious for equally weighted children.,sv
m2,Cleared winner tie in get clear winner,sd
